C009,Αναστασία Μιχαηλίδου
C008,Δημήτρης Σταθόπουλος
C007,Ιωάννα Καραγιάννη
C006,Παναγιώτης Βασιλείου
C005,Σοφία Δημητρίου
C004,Γιώργος Κωνσταντίνου
C003,Ελένη Οικονόμου
C002,Αλέξανδρος Αντωνίου
C001,Μαρία Παπαδοπούλου
C089,Γιάννης Παπαδόπουλος
C088,Αγγελική Παπακωνσταντίνου
C087,Στέλιος Καραγιάννης
C086,Ευαγγελία Παπαδάκη
C085,Νίκος Μιχαηλίδης
C084,Ιωάννα Παπαγεωργίου
C083,Παναγιώτης Παπαδόπουλος
C082,Αναστασία Παπακωνσταντίνου
C081,Δημήτρης Καραγιάννης
C080,Χριστίνα Παπαδόπουλου
C019,Πέτρος Μαρκόπουλος
C018,Ειρήνη Κωνσταντίνου
C017,Γιάννης Σταυρόπουλος
C016,Αγγελική Παπαγεωργίου
C015,Στέλιος Μιχαήλ
C014,Ευαγγελία Σταμάτη
C013,Νίκος Παπαδόπουλος
C012,Κατερίνα Μανωλάκη
C011,Βασίλης Αλεξίου
C099,Δημήτρης Καραγιάννης
C010,Χρήστος Παπακωνσταντίνου
C098,Χριστίνα Παπαδόπουλου
C097,Γιώργος Μιχαηλίδης
C096,Σοφία Παπαδάκη
C095,Αντώνης Παπαγεωργίου
C094,Ελένη Παπαδόπουλου
C093,Μιχάλης Παπακωνσταντίνου
C092,Αθηνά Καραγιάννη
C091,Πέτρος Παπαδάκης
C090,Ειρήνη Παπαγεωργίου
C029,Παναγιώτης Σταθόπουλος
C028,Αναστασία Παπαγεωργίου
C027,Δημήτρης Παπαδόπουλος
C026,Χριστίνα Μιχαηλίδου
C025,Γιώργος Παπακωνσταντίνου
C024,Σοφία Καραγιάννη
C023,Αντώνης Παπαδόπουλος
C022,Ελένη Βασιλείου
C021,Μιχάλης Καραλής
C020,Αθηνά Παπαδάκη
C039,Μιχάλης Παπακωνσταντίνου
C038,Αθηνά Παπαδόπουλου
C037,Πέτρος Καραγιάννης
C036,Ειρήνη Παπαδάκη
C035,Γιάννης Παπαγεωργίου
C034,Αγγελική Μιχαηλίδου
C033,Στέλιος Παπαδόπουλος
C032,Ευαγγελία Παπακωνσταντίνου
C031,Νίκος Καραγιάννης
C030,Ιωάννα Παπαδάκη
C049,Νίκος Παπαδάκης
C048,Ιωάννα Μιχαηλίδου
C047,Παναγιώτης Παπαγεωργίου
C046,Αναστασία Παπαδόπουλου
C045,Δημήτρης Παπακωνσταντίνου
C044,Χριστίνα Καραγιάννη
C043,Γιώργος Παπαδάκης
C042,Σοφία Παπαγεωργίου
C041,Αντώνης Μιχαηλίδης
C040,Ελένη Παπαδόπουλου
C059,Αντώνης Παπαγεωργίου
C058,Ελένη Παπακωνσταντίνου
C057,Μιχάλης Παπαδόπουλος
C056,Αθηνά Μιχαηλίδου
C055,Πέτρος Παπαδάκης
C054,Ειρήνη Παπαγεωργίου
C053,Γιάννης Καραγιάννης
C052,Αγγελική Παπαδόπουλου
C051,Στέλιος Παπακωνσταντίνου
C050,Ευαγγελία Καραγιάννη
C069,Στέλιος Καραγιάννης
C068,Ευαγγελία Παπαδάκη
C067,Νίκος Μιχαηλίδης
C100,Αναστασία Παπακωνσταντίνου
C066,Ιωάννα Παπαγεωργίου
C065,Παναγιώτης Παπαδόπουλος
C064,Αναστασία Παπακωνσταντίνου
C063,Δημήτρης Καραγιάννης
C062,Χριστίνα Παπαδόπουλου
C061,Γιώργος Μιχαηλίδης
C060,Σοφία Παπαδάκη
C079,Γιώργος Μιχαηλίδης
C078,Σοφία Παπαδάκη
C077,Αντώνης Παπαγεωργίου
C076,Ελένη Παπαδόπουλου
C075,Μιχάλης Παπακωνσταντίνου
C074,Αθηνά Καραγιάννη
C073,Πέτρος Παπαδάκης
C072,Ειρήνη Παπαγεωργίου
C071,Γιάννης Παπαδόπουλος
C070,Αγγελική Παπακωνσταντίνου
